postcode,total_lodgements,avg_weekly_rent,median_weekly_rent,total_refunds,avg_days_bond_held,median_days_bond_held,avg_payment_to_tenant,bonds_held,seifa_disadvantage_score,seifa_disadvantage_decile,seifa_advantage_disadvantage_score,seifa_advantage_disadvantage_decile,usual_resident_population,refund_to_lodgement_ratio,rent_pressure_score
2000,5226,1152.71,1020.0,6156.0,555.65,360.5,3116.5,12649,973.07,4.0,1106.97,10.0,27936.0,1.18,1.05
2007,1702,731.87,659.0,2177.0,455.38,288.0,1922.04,3500,959.87,3.0,1073.79,9.0,7410.0,1.28,0.69
2008,3246,863.17,839.0,4472.0,424.77,310.0,2609.34,5652,1022.7,7.0,1132.13,10.0,10400.0,1.38,0.82
2009,1117,1025.37,940.0,1194.0,880.71,624.5,2953.94,3787,1041.6,8.0,1127.57,10.0,12658.0,1.07,0.9
2010,3022,875.41,795.0,3428.0,802.95,504.5,2585.67,9604,1046.01,8.0,1144.58,10.0,26443.0,1.13,0.76
2011,2610,792.17,695.0,2825.0,837.92,500.0,2423.05,8726,1050.48,8.0,1134.25,10.0,18187.0,1.08,0.66
2015,1146,914.55,850.0,1147.0,809.29,529.0,2691.34,2905,1094.43,10.0,1164.57,10.0,11422.0,1.0,0.78
2016,2717,801.14,779.0,4373.0,389.83,241.0,2606.62,5735,984.54,4.0,1084.76,9.0,13072.0,1.61,0.79
2017,5404,1072.8,1050.0,5982.0,566.16,381.0,3206.38,11098,1013.57,6.0,1110.24,10.0,29003.0,1.11,1.04
2018,1914,992.61,950.0,1932.0,657.91,405.0,2977.31,4044,1014.37,6.0,1064.38,9.0,19878.0,1.01,0.94
2019,642,884.1,850.0,691.0,801.06,534.0,2626.69,1845,1054.42,8.0,1084.35,9.0,13467.0,1.08,0.81
2020,2839,1013.75,990.0,3188.0,573.23,386.0,3016.59,5711,1032.94,7.0,1096.52,10.0,21591.0,1.12,0.96
2021,1321,994.22,825.0,1371.0,895.74,518.0,3084.92,3959,1099.64,10.0,1172.83,10.0,14946.0,1.04,0.75
2022,1145,1115.32,990.0,1186.0,995.46,595.5,3301.7,3513,1077.2,9.0,1148.99,10.0,13509.0,1.04,0.92
2023,529,1333.67,1000.0,555.0,1016.76,558.0,4142.19,1646,1119.59,10.0,1181.42,10.0,10590.0,1.05,0.89
2024,593,1183.24,975.0,621.0,1103.38,645.0,3716.31,1984,1107.63,10.0,1174.65,10.0,11380.0,1.05,0.88
2025,436,1333.58,1050.0,476.0,1132.21,573.5,4000.5,1277,1107.7,10.0,1178.53,10.0,7189.0,1.09,0.95
2026,2748,1216.66,1000.0,3020.0,1058.61,627.0,3418.33,9614,1090.91,10.0,1165.97,10.0,32693.0,1.1,0.92
2027,575,1276.28,1050.0,572.0,997.79,602.0,3963.79,1846,1104.6,10.0,1168.69,10.0,7810.0,1.0,0.95
2028,380,1427.17,1100.0,396.0,939.12,577.0,4189.55,1179,1100.27,10.0,1170.06,10.0,4709.0,1.04,1.0
2029,623,1225.26,995.0,636.0,1155.45,739.5,3575.96,2147,1096.05,10.0,1157.02,10.0,9911.0,1.02,0.91
2030,415,1634.51,1100.0,473.0,1220.22,656.0,4607.31,1356,1113.95,10.0,1175.34,10.0,14434.0,1.14,0.99
2031,2400,993.8,880.0,2503.0,1018.7,616.0,2976.7,7908,1094.87,10.0,1154.65,10.0,33830.0,1.04,0.8
2032,1604,872.2,809.0,1721.0,574.07,353.0,2505.99,4067,1006.29,6.0,1067.45,9.0,14643.0,1.07,0.8
2033,1384,876.45,829.5,1376.0,702.2,383.5,2579.85,3341,1071.45,9.0,1121.87,10.0,11927.0,0.99,0.77
2034,1394,1125.36,975.0,1457.0,970.04,621.0,3380.2,4432,1077.9,9.0,1144.51,10.0,20249.0,1.04,0.9
2035,1701,977.72,880.0,1784.0,888.24,573.0,2849.25,5251,1038.17,8.0,1087.9,9.0,34602.0,1.05,0.85
2036,2178,1116.31,1055.5,2156.0,705.93,399.5,3294.91,5499,1021.77,7.0,1055.77,9.0,33767.0,0.99,1.03
2037,1720,888.51,805.0,1908.0,767.39,448.5,2594.07,4739,1015.02,6.0,1101.54,10.0,16641.0,1.11,0.79
2038,510,838.14,777.0,571.0,909.36,569.0,2583.26,1852,1095.51,10.0,1159.0,10.0,9487.0,1.12,0.71
2039,480,974.44,895.0,518.0,975.35,691.5,3011.99,1484,1103.99,10.0,1170.81,10.0,8553.0,1.08,0.81
2040,1026,861.34,820.0,1132.0,986.56,590.0,2662.62,3542,1072.41,9.0,1140.07,10.0,22803.0,1.1,0.76
2041,752,973.23,862.5,808.0,914.41,582.0,3139.08,2617,1089.08,10.0,1160.88,10.0,15584.0,1.07,0.79
2042,1670,766.71,725.0,1889.0,893.61,551.0,2161.29,5286,1066.28,9.0,1141.62,10.0,18673.0,1.13,0.68
2043,873,907.63,880.0,912.0,773.73,548.0,2836.76,2391,1102.83,10.0,1184.66,10.0,9657.0,1.04,0.8
2044,411,874.45,890.0,433.0,868.39,680.0,2737.85,1374,1055.55,8.0,1115.72,10.0,8278.0,1.05,0.84
2045,97,904.23,880.0,103.0,917.83,542.0,2876.97,427,1082.67,10.0,1124.81,10.0,6480.0,1.06,0.81
2046,933,951.71,850.0,982.0,1070.44,710.5,2761.86,3400,1068.28,9.0,1114.48,10.0,27288.0,1.05,0.8
2047,596,949.41,850.0,633.0,1062.42,674.0,2854.92,1955,1091.21,10.0,1144.09,10.0,12011.0,1.06,0.78
2048,538,768.73,680.0,555.0,780.19,494.0,2144.74,1762,1080.42,10.0,1139.73,10.0,7619.0,1.03,0.63
2049,908,714.57,699.5,978.0,903.52,566.0,2106.6,3189,1065.35,9.0,1126.72,10.0,12258.0,1.08,0.66
2050,998,889.87,850.0,1156.0,778.98,497.5,2442.74,2768,1080.15,10.0,1161.9,10.0,9381.0,1.16,0.79
2057,1,575.0,575.0,1.0,105.0,105.0,2300.0,0,997.45,5.0,983.38,6.0,8739.0,1.0,0.58
2060,1507,921.68,825.0,1581.0,906.25,623.0,2741.73,4798,1094.51,10.0,1166.18,10.0,15135.0,1.05,0.75
2061,615,1025.57,875.0,656.0,859.18,620.0,3175.1,2127,1070.02,9.0,1156.79,10.0,6158.0,1.07,0.82
2062,368,946.34,800.0,412.0,1003.71,735.0,3077.4,1302,1103.16,10.0,1164.25,10.0,7088.0,1.12,0.72
2063,156,1295.19,995.0,159.0,905.08,518.0,4740.92,467,1121.92,10.0,1181.47,10.0,6493.0,1.02,0.89
2064,442,854.5,760.0,487.0,1162.11,787.0,2484.54,1813,1061.52,9.0,1126.79,10.0,9417.0,1.1,0.72
2065,2494,948.16,850.0,2811.0,868.23,627.0,2937.49,7907,1103.12,10.0,1171.33,10.0,31698.0,1.13,0.77
2066,1526,855.98,750.0,1591.0,938.57,682.0,2654.87,4605,1102.11,10.0,1157.56,10.0,33844.0,1.04,0.68
2067,2037,921.92,820.0,2261.0,775.68,461.0,2784.79,5520,1039.44,8.0,1116.62,10.0,27078.0,1.11,0.79
2068,522,1122.93,950.0,485.0,855.46,552.0,3561.31,1693,1098.83,10.0,1157.59,10.0,17450.0,0.93,0.86
2069,355,1098.13,900.0,381.0,981.86,622.0,3263.15,1090,1114.43,10.0,1172.48,10.0,14604.0,1.07,0.81
2070,485,1058.73,950.0,475.0,844.07,601.0,3225.18,1294,1103.69,10.0,1163.74,10.0,14648.0,0.98,0.86
2071,362,1055.95,850.0,382.0,844.22,614.0,3431.43,1085,1097.33,10.0,1155.57,10.0,13510.0,1.06,0.78
2072,397,911.35,820.0,434.0,875.29,586.0,2942.11,1141,1078.73,10.0,1141.63,10.0,8795.0,1.09,0.76
2073,370,1194.28,1090.0,382.0,808.47,586.5,3548.66,1031,1116.41,10.0,1176.88,10.0,17221.0,1.03,0.98
2074,406,1072.78,900.0,429.0,871.0,654.0,3397.28,1172,1113.29,10.0,1165.24,10.0,23423.0,1.06,0.81
2075,403,1153.0,1000.0,408.0,969.66,676.0,3572.91,1114,1109.11,10.0,1162.32,10.0,21665.0,1.01,0.9
2076,412,1117.82,987.5,441.0,979.93,633.0,3257.08,1284,1101.59,10.0,1152.28,10.0,25340.0,1.07,0.9
2077,1724,692.41,670.0,1929.0,994.33,674.0,2000.51,6199,1047.52,8.0,1083.41,9.0,42819.0,1.12,0.64
2079,133,764.5,700.0,131.0,964.93,680.0,2491.89,471,1088.16,10.0,1103.92,10.0,7816.0,0.98,0.64
2080,17,749.41,700.0,11.0,1363.45,547.0,2135.27,70,1090.64,10.0,1109.15,10.0,1766.0,0.65,0.64
2081,58,775.43,785.0,58.0,1205.6,640.0,2484.52,239,1102.61,10.0,1115.65,10.0,5394.0,1.0,0.71
2082,46,821.3,800.0,51.0,1073.78,520.0,2650.88,180,1105.24,10.0,1105.61,10.0,5458.0,1.11,0.72
2083,32,588.91,625.0,34.0,1180.29,717.0,1801.74,144,1060.8,9.0,1069.71,9.0,1665.0,1.06,0.59
2084,28,1423.57,1200.0,21.0,1534.38,687.0,4119.14,139,1106.29,10.0,1123.34,10.0,3759.0,0.75,1.08
2085,112,1324.42,1375.0,113.0,1118.03,719.0,4166.3,343,1104.91,10.0,1139.79,10.0,11452.0,1.01,1.24
2086,224,1093.15,1100.0,208.0,889.79,603.5,3385.55,718,1108.31,10.0,1144.15,10.0,14214.0,0.93,0.99
2087,238,1013.95,950.0,222.0,1000.62,580.5,3465.51,754,1095.43,10.0,1135.42,10.0,13161.0,0.93,0.87
2088,1177,1183.34,850.0,1271.0,1022.71,653.0,3586.22,4266,1109.54,10.0,1168.95,10.0,28329.0,1.08,0.77
2089,1003,893.43,780.0,1068.0,1000.0,686.5,2785.29,3507,1091.28,10.0,1156.15,10.0,11491.0,1.06,0.72
2090,837,978.69,850.0,930.0,1061.95,735.5,3012.88,2914,1099.59,10.0,1162.88,10.0,13533.0,1.11,0.77
2092,124,1626.49,1457.5,137.0,986.63,539.0,4804.85,316,1120.51,10.0,1180.65,10.0,7384.0,1.1,1.3
2093,691,1108.07,875.0,733.0,1008.48,665.0,3312.62,2332,1102.5,10.0,1154.42,10.0,23555.0,1.06,0.79
2094,240,1232.98,1100.0,273.0,905.42,618.0,3819.92,910,1113.79,10.0,1171.44,10.0,6141.0,1.14,0.99
2095,1184,1178.13,1025.0,1300.0,888.16,602.5,3719.19,4033,1101.01,10.0,1168.78,10.0,16296.0,1.1,0.93
2096,698,1037.98,880.0,803.0,1015.35,644.0,3116.29,2201,1110.62,10.0,1158.05,10.0,14955.0,1.15,0.79
2097,389,1100.39,900.0,421.0,987.35,608.0,3338.24,1295,1098.75,10.0,1123.41,10.0,15991.0,1.08,0.82
2099,1562,900.78,800.0,1719.0,1074.52,721.0,2639.45,5766,1046.52,8.0,1080.25,9.0,42917.0,1.1,0.76
2100,511,964.55,800.0,492.0,1007.13,637.5,2937.85,1618,1081.48,10.0,1116.74,10.0,21973.0,0.96,0.74
2101,547,1002.21,875.0,599.0,1046.27,656.0,3094.43,1871,1068.21,9.0,1091.0,9.0,19885.0,1.1,0.82
2102,145,1209.97,1050.0,148.0,977.4,699.0,3890.97,503,1090.29,10.0,1118.33,10.0,8379.0,1.02,0.96
2103,258,1062.61,900.0,257.0,1077.41,738.0,3083.92,929,1082.56,10.0,1100.61,10.0,10877.0,1.0,0.83
2104,34,1259.26,1225.0,38.0,618.84,399.5,4771.76,81,1083.54,10.0,1111.24,10.0,3807.0,1.12,1.13
2105,27,1044.11,1000.0,22.0,692.14,437.0,2706.77,93,1105.57,10.0,1137.2,10.0,2008.0,0.82,0.9
2106,242,1103.28,920.0,254.0,1159.01,737.5,3251.8,851,1099.73,10.0,1123.76,10.0,9659.0,1.05,0.84
2107,316,1248.07,1197.5,355.0,756.66,464.0,3856.41,843,1103.76,10.0,1131.49,10.0,15422.0,1.12,1.08
2108,35,1639.57,1450.0,38.0,777.87,402.0,4352.18,119,1113.08,10.0,1140.19,10.0,1740.0,1.09,1.3
2110,188,1099.15,825.0,210.0,1101.85,728.5,3332.9,572,1110.6,10.0,1164.59,10.0,9846.0,1.12,0.74
2111,609,814.48,680.0,642.0,1006.61,675.5,2416.39,2144,1086.3,10.0,1130.76,10.0,15456.0,1.05,0.63
2112,1641,805.37,725.0,1898.0,898.35,627.5,2266.4,5360,1053.65,8.0,1093.81,10.0,38026.0,1.16,0.69
2113,2215,840.74,780.0,2251.0,744.38,522.0,2425.27,6111,1062.83,9.0,1112.61,10.0,27637.0,1.02,0.73
2114,1506,718.84,660.0,1529.0,1017.1,712.0,2023.08,4728,1056.72,8.0,1096.26,10.0,25267.0,1.01,0.62
2115,321,834.64,750.0,374.0,961.85,695.5,2219.22,1027,1004.12,6.0,1046.38,8.0,12686.0,1.16,0.75
2116,217,692.74,660.0,218.0,902.72,640.5,1934.93,738,997.45,5.0,1029.57,8.0,7274.0,1.0,0.66
2117,492,775.15,700.0,549.0,1084.94,724.0,2074.39,2055,1009.35,6.0,1050.99,9.0,22185.0,1.12,0.69
2118,940,760.36,722.5,1005.0,937.4,628.0,2138.19,2843,1043.8,8.0,1085.06,9.0,27888.0,1.07,0.69
2119,191,873.37,850.0,188.0,1054.2,633.5,2789.62,631,1117.18,10.0,1161.76,10.0,12458.0,0.98,0.76
2120,346,783.0,755.0,371.0,1112.11,704.0,2216.55,1328,1091.06,10.0,1129.95,10.0,20988.0,1.07,0.69
2121,1557,795.05,760.0,1671.0,833.54,574.0,2411.34,4474,1069.86,9.0,1122.07,10.0,34209.0,1.07,0.71
2122,1120,777.1,700.0,1161.0,1037.73,681.0,2243.96,3883,1033.4,7.0,1081.97,9.0,31187.0,1.04,0.68
2125,181,945.63,900.0,189.0,966.19,671.0,2830.93,686,1115.02,10.0,1156.07,10.0,16620.0,1.04,0.81
2126,272,1056.97,1050.0,269.0,930.4,579.0,3011.8,855,1109.73,10.0,1151.6,10.0,19082.0,0.99,0.95
2127,2412,821.29,780.0,2479.0,733.05,523.0,2279.45,5781,1058.74,9.0,1114.26,10.0,23198.0,1.03,0.74
2128,106,598.35,555.0,117.0,1085.06,728.0,1606.03,373,981.86,4.0,1024.78,8.0,3600.0,1.1,0.56
2130,781,692.02,650.0,882.0,784.09,448.5,2195.9,2248,1063.71,9.0,1121.0,10.0,7288.0,1.13,0.61
2131,1474,689.5,667.5,1520.0,1031.12,679.0,1836.8,5299,1006.48,6.0,1058.85,9.0,23012.0,1.03,0.66
2132,305,788.05,700.0,336.0,1030.24,657.5,2377.36,1089,1031.47,7.0,1079.51,9.0,10755.0,1.1,0.68
2133,291,738.66,650.0,293.0,1313.16,819.0,1859.62,1195,1020.73,7.0,1055.49,9.0,10929.0,1.01,0.64
2134,1810,828.15,800.0,1819.0,629.95,413.0,2329.49,4289,943.24,2.0,1037.81,8.0,18224.0,1.0,0.85
2135,1368,773.56,720.0,1498.0,858.03,592.5,1925.37,4149,1015.02,6.0,1086.36,9.0,25915.0,1.1,0.71
2136,356,751.97,680.0,288.0,1084.53,570.0,1881.8,1131,1016.97,6.0,1055.64,9.0,7763.0,0.81,0.67
2137,976,878.04,800.0,1028.0,1013.35,688.0,2582.28,3121,1066.91,9.0,1107.94,10.0,27726.0,1.05,0.75
2138,1846,923.54,890.0,1797.0,682.11,412.0,2798.37,4106,1062.05,9.0,1122.21,10.0,19686.0,0.97,0.84
2140,1652,711.46,700.0,1754.0,794.41,560.5,1896.05,4668,997.17,5.0,1048.74,8.0,20766.0,1.06,0.7
2141,1849,746.91,750.0,1666.0,841.89,558.5,1929.34,5734,933.93,2.0,1001.33,7.0,32425.0,0.9,0.8
2142,1392,613.12,600.0,1450.0,890.61,645.0,1344.28,4704,880.81,1.0,938.9,3.0,27993.0,1.04,0.68
2143,190,733.04,650.0,207.0,1325.96,885.0,1453.59,916,897.81,1.0,956.52,4.0,9774.0,1.09,0.72
2144,1349,676.04,660.0,1572.0,987.83,743.0,1281.76,5645,814.21,1.0,908.43,2.0,39333.0,1.16,0.81
2145,3835,672.7,650.0,3998.0,948.69,664.0,1648.84,12623,1007.9,6.0,1032.57,8.0,87531.0,1.04,0.64
2146,698,663.17,650.0,662.0,1006.0,691.5,1678.78,2208,1016.36,6.0,1029.88,8.0,19456.0,0.95,0.64
2147,1027,645.52,620.0,934.0,974.07,686.5,1471.73,3549,996.03,5.0,1005.65,7.0,37285.0,0.91,0.62
2148,2696,606.82,590.0,2653.0,996.98,682.0,1331.9,9466,960.78,3.0,970.79,5.0,67483.0,0.98,0.61
2150,3695,674.38,660.0,3840.0,877.92,602.5,1773.12,11353,1000.3,5.0,1054.57,9.0,35254.0,1.04,0.66
2151,783,662.33,630.0,860.0,1041.78,700.5,1767.18,3060,1032.84,7.0,1064.86,9.0,21204.0,1.1,0.61
2152,368,642.8,620.0,355.0,1030.48,736.0,1765.48,1304,1039.59,8.0,1060.87,9.0,11261.0,0.96,0.6
2153,1525,809.52,780.0,1555.0,1001.4,698.0,2332.15,4227,1087.67,10.0,1117.17,10.0,62610.0,1.02,0.72
2154,1383,827.87,800.0,1170.0,924.19,599.0,2433.61,3693,1085.89,10.0,1123.99,10.0,40874.0,0.85,0.74
2155,2414,802.62,770.0,2443.0,798.37,560.0,2260.79,6510,1099.85,10.0,1145.65,10.0,75699.0,1.01,0.7
2156,97,952.56,950.0,104.0,1139.76,683.0,2472.41,339,1109.27,10.0,1125.82,10.0,13403.0,1.07,0.86
2157,47,800.32,800.0,47.0,885.21,477.0,2516.85,197,1076.84,9.0,1089.76,9.0,4042.0,1.0,0.74
2158,99,920.91,860.0,99.0,786.77,562.0,2424.69,401,1086.01,10.0,1114.39,10.0,8937.0,1.0,0.79
2159,39,781.15,680.0,50.0,1309.3,635.0,2258.46,176,1090.64,10.0,1104.32,10.0,5148.0,1.28,0.62
2160,1883,660.3,630.0,1764.0,997.46,590.0,1382.69,6576,876.18,1.0,934.54,3.0,39388.0,0.94,0.72
2161,868,662.13,600.0,939.0,1065.16,726.0,1134.33,3792,827.37,1.0,897.81,2.0,34379.0,1.08,0.72
2162,432,699.42,670.0,402.0,1120.09,755.0,1256.88,1756,855.89,1.0,915.86,2.0,20306.0,0.93,0.78
2163,295,580.71,550.0,325.0,882.78,586.0,1023.75,1171,741.73,1.0,833.67,1.0,10544.0,1.1,0.74
2164,454,705.13,660.0,383.0,1259.65,816.0,1379.91,2016,846.17,1.0,900.8,2.0,21273.0,0.84,0.78
2165,1147,623.07,600.0,1131.0,1526.45,982.0,1151.62,6167,757.52,1.0,849.87,1.0,45046.0,0.99,0.79
2166,1194,576.09,550.0,1238.0,1293.66,834.0,1030.6,5928,759.49,1.0,849.96,1.0,54184.0,1.04,0.72
2167,319,648.29,660.0,293.0,969.94,620.0,1516.98,1090,1008.11,6.0,1018.33,7.0,10536.0,0.92,0.66
2168,696,618.2,600.0,706.0,1201.24,803.0,1061.74,2903,807.97,1.0,862.44,1.0,45023.0,1.01,0.74
2170,3951,610.1,600.0,4252.0,1059.61,676.5,1310.87,15303,903.87,1.0,943.96,4.0,114479.0,1.08,0.66
2171,525,766.17,760.0,485.0,1030.21,712.0,1738.62,2066,997.09,5.0,1027.21,8.0,38882.0,0.92,0.76
2172,6,861.67,750.0,8.0,878.75,830.5,3183.12,31,1110.99,10.0,1132.16,10.0,2892.0,1.33,0.68
2173,243,764.92,750.0,260.0,1281.6,854.5,1990.34,992,1072.02,9.0,1073.3,9.0,14544.0,1.07,0.7
2174,667,724.43,740.0,557.0,731.97,536.0,1848.96,1715,1047.5,8.0,1095.02,10.0,12080.0,0.84,0.71
2175,14,611.71,535.0,18.0,2778.89,1268.5,1808.89,106,1020.96,7.0,1029.85,8.0,1790.0,1.29,0.52
2176,702,721.09,700.0,634.0,1138.48,788.0,1675.38,3062,893.4,1.0,940.67,4.0,50022.0,0.9,0.78
2177,221,657.81,630.0,222.0,1268.84,932.0,1276.06,929,842.64,1.0,901.52,2.0,17154.0,1.0,0.75
2178,36,858.89,785.0,40.0,1201.12,894.5,998.65,197,1011.94,6.0,1017.72,7.0,4170.0,1.11,0.78
2179,1347,770.54,780.0,907.0,691.97,530.0,1656.1,3231,1028.35,7.0,1052.36,9.0,16262.0,0.67,0.76
2190,486,804.66,750.0,446.0,1030.0,589.5,1622.37,1866,891.78,1.0,948.02,4.0,27559.0,0.92,0.84
2191,122,827.09,750.0,158.0,1083.06,695.0,2092.71,481,974.42,4.0,1011.06,7.0,6555.0,1.3,0.77
2192,600,640.13,600.0,579.0,1169.11,752.0,1405.88,2457,914.06,2.0,959.64,5.0,13781.0,0.96,0.66
2193,787,716.41,700.0,809.0,1056.5,607.0,1933.64,2610,1019.79,7.0,1062.11,9.0,17778.0,1.03,0.69
2194,1178,633.28,600.0,1297.0,1060.25,723.0,1536.39,4960,886.62,1.0,954.02,4.0,26132.0,1.1,0.68
2195,1161,543.09,520.0,1248.0,1155.76,765.0,1063.72,5542,823.12,1.0,884.71,1.0,27103.0,1.08,0.63
2196,919,697.21,640.0,945.0,1002.62,643.0,1416.86,3606,889.56,1.0,939.36,3.0,33743.0,1.03,0.72
2197,178,800.61,790.0,168.0,1087.73,676.5,1566.41,715,880.49,1.0,928.91,3.0,10121.0,0.94,0.9
2198,172,869.83,850.0,163.0,1124.11,655.0,1702.34,553,983.54,4.0,1001.61,7.0,9843.0,0.95,0.86
2199,428,714.82,650.0,421.0,1131.02,718.0,1382.15,1823,874.52,1.0,927.27,3.0,19651.0,0.98,0.74
2200,1630,667.63,620.0,1680.0,1132.45,728.5,1353.28,6625,863.91,1.0,925.63,3.0,48003.0,1.03,0.72
2203,944,701.7,675.0,955.0,1025.75,643.0,2082.35,3397,1042.49,8.0,1094.69,10.0,13946.0,1.01,0.65
2204,1585,791.98,730.0,1608.0,923.57,544.5,2298.78,5591,1023.08,7.0,1086.4,9.0,26567.0,1.01,0.71
2205,1979,844.07,830.0,2215.0,723.15,465.0,2597.34,5008,1006.06,6.0,1067.53,9.0,25338.0,1.12,0.82
2206,370,876.82,800.0,393.0,1155.67,746.0,2280.03,1502,1030.82,7.0,1066.42,9.0,19730.0,1.06,0.78
2207,746,765.87,700.0,721.0,1070.02,600.0,2041.28,2377,998.96,5.0,1032.94,8.0,28382.0,0.97,0.7
2208,236,803.05,755.0,225.0,1123.87,623.0,2188.85,973,1000.23,5.0,1036.87,8.0,12881.0,0.95,0.76
2209,414,742.29,690.0,411.0,1067.63,679.0,1786.61,1511,966.7,3.0,1010.89,7.0,15825.0,0.99,0.71
2210,700,749.25,700.0,682.0,1059.85,670.0,1933.7,2393,974.66,4.0,1010.83,7.0,33262.0,0.97,0.72
2211,409,827.64,780.0,371.0,1283.23,781.0,1990.15,1465,1002.4,6.0,1026.9,8.0,17610.0,0.91,0.78
2212,431,879.65,840.0,405.0,1134.79,769.0,2022.72,1544,982.0,4.0,1014.3,7.0,17184.0,0.94,0.86
2213,407,887.77,850.0,376.0,1185.22,816.0,2281.11,1586,1025.77,7.0,1047.62,8.0,23290.0,0.92,0.83
2214,60,902.5,890.0,49.0,1186.82,663.0,2124.37,163,1060.65,9.0,1051.28,9.0,4074.0,0.82,0.84
2216,1450,712.2,692.5,1485.0,1069.46,714.0,1913.0,4978,980.3,4.0,1015.44,7.0,28027.0,1.02,0.71
2217,1509,725.75,695.0,1626.0,913.99,602.0,1998.91,4958,1011.33,6.0,1044.61,8.0,28673.0,1.08,0.69
2218,650,717.88,690.0,622.0,1182.26,742.5,1920.89,2417,989.27,5.0,1019.15,7.0,16182.0,0.96,0.7
2219,450,887.86,772.5,467.0,1046.58,663.0,2249.46,1505,1032.45,7.0,1053.59,9.0,13771.0,1.04,0.75
2220,1593,759.13,730.0,1676.0,904.06,640.5,2009.48,5010,960.91,3.0,1019.8,7.0,33761.0,1.05,0.76
2221,284,970.34,845.0,268.0,1061.7,706.0,2612.6,1003,1045.46,8.0,1082.9,9.0,17065.0,0.94,0.81
2222,475,657.59,600.0,477.0,1097.33,739.0,1662.27,1772,1007.32,6.0,1035.95,8.0,12660.0,1.0,0.6
2223,611,745.03,680.0,599.0,1180.06,722.0,2055.47,2278,1070.58,9.0,1093.71,10.0,21403.0,0.98,0.64
2224,271,965.07,895.0,289.0,940.88,635.0,2673.89,933,1066.15,9.0,1078.18,9.0,14559.0,1.07,0.84
2225,40,1056.88,990.0,52.0,1097.38,628.5,3055.71,137,1110.97,10.0,1141.21,10.0,5560.0,1.3,0.89
2226,194,841.26,792.5,211.0,1074.12,716.0,2497.45,677,1089.0,10.0,1112.93,10.0,13054.0,1.09,0.73
2227,313,892.93,825.0,335.0,1170.27,718.0,2532.59,1150,1084.96,10.0,1100.14,10.0,15364.0,1.07,0.76
2228,781,812.28,730.0,822.0,913.16,601.5,2312.43,2451,1046.19,8.0,1060.8,9.0,21001.0,1.05,0.7
2229,934,900.11,750.0,851.0,925.84,592.0,2648.52,2545,1078.4,9.0,1095.95,10.0,30943.0,0.91,0.7
2230,1477,843.17,730.0,1601.0,906.35,586.0,2560.57,4830,1087.61,10.0,1104.04,10.0,30690.0,1.08,0.67
2231,53,810.85,790.0,57.0,598.91,355.0,2386.89,121,1052.29,8.0,1035.71,8.0,2528.0,1.08,0.75
2232,1069,771.08,705.0,1108.0,949.98,612.5,2250.04,3537,1068.45,9.0,1078.88,9.0,35304.0,1.04,0.66
2233,294,809.44,800.0,302.0,1023.86,648.5,2413.7,1043,1086.64,10.0,1077.51,9.0,29960.0,1.03,0.74
2234,220,995.42,937.5,220.0,954.16,741.0,2653.25,789,1091.57,10.0,1101.93,10.0,30648.0,1.0,0.86
2250,2155,632.88,620.0,2183.0,1055.93,691.0,1627.09,8153,1010.57,6.0,1000.6,7.0,71168.0,1.01,0.61
2251,540,774.88,705.0,599.0,919.02,585.0,2171.68,1753,1045.08,8.0,1032.54,8.0,33721.0,1.11,0.68
2256,562,609.77,600.0,573.0,1072.42,703.0,1641.6,2223,960.39,3.0,955.85,4.0,16039.0,1.02,0.62
2257,1014,644.74,600.0,1050.0,1169.78,685.0,1618.49,4069,994.2,5.0,980.88,6.0,30403.0,1.04,0.6
2258,90,625.93,590.0,99.0,1291.68,590.0,1536.09,304,1048.22,8.0,1027.75,8.0,5253.0,1.1,0.56
2259,1716,644.13,650.0,1662.0,1061.04,672.0,1578.09,6484,976.02,4.0,953.73,4.0,66236.0,0.97,0.67
2260,726,790.32,760.0,775.0,842.33,494.0,2435.27,1958,1079.47,10.0,1082.59,9.0,25845.0,1.07,0.7
2261,1535,622.38,600.0,1609.0,1124.7,638.0,1640.79,5893,986.06,5.0,963.68,5.0,55129.0,1.05,0.61
2262,541,579.18,560.0,521.0,1092.6,719.0,1332.51,2169,934.91,2.0,899.62,2.0,21411.0,0.96,0.6
2263,916,556.72,540.0,918.0,1082.19,666.0,1321.67,3850,914.21,2.0,890.03,1.0,24554.0,1.0,0.59
2264,476,610.97,600.0,458.0,1065.67,653.5,1528.03,1714,968.12,4.0,944.15,4.0,16162.0,0.96,0.62
2265,264,616.91,615.0,216.0,654.7,452.0,1635.09,710,1016.34,6.0,998.14,7.0,7464.0,0.82,0.6
2267,55,606.91,600.0,54.0,1216.0,605.5,1602.69,297,1003.57,6.0,975.45,5.0,2920.0,0.98,0.6
2278,16,615.94,607.5,15.0,1405.6,502.0,1641.4,80,1010.91,6.0,951.31,4.0,2565.0,0.94,0.6
2280,457,660.72,650.0,482.0,1194.35,706.5,1725.8,1971,1012.19,6.0,989.21,6.0,27183.0,1.06,0.64
2281,325,702.69,660.0,325.0,1113.02,562.0,1771.07,1198,996.72,5.0,973.05,5.0,15323.0,1.0,0.66
2282,282,720.39,700.0,300.0,1082.66,711.0,1934.9,994,1058.12,9.0,1041.41,8.0,16146.0,1.06,0.66
2283,396,599.03,600.0,420.0,1258.76,728.0,1549.48,1732,980.86,4.0,957.72,4.0,24419.0,1.06,0.61
2284,355,686.06,650.0,318.0,1032.21,712.5,1817.16,1236,986.19,5.0,963.47,5.0,12612.0,0.9,0.66
2285,877,666.41,680.0,798.0,1014.39,675.5,1728.92,3256,1013.92,6.0,983.56,6.0,33869.0,0.91,0.67
2286,70,638.86,650.0,78.0,956.96,708.5,1569.41,263,986.93,5.0,940.47,4.0,4690.0,1.11,0.66
2287,1487,565.36,615.0,1475.0,910.8,558.0,1449.67,4591,1000.33,5.0,985.45,6.0,40845.0,0.99,0.62
2289,612,713.32,720.0,609.0,1087.03,604.0,1997.47,1901,1064.18,9.0,1055.75,9.0,20257.0,1.0,0.68
2290,799,654.93,650.0,803.0,1076.07,675.0,1861.47,2816,1020.85,7.0,1002.73,7.0,34912.0,1.0,0.64
2291,548,792.94,700.0,567.0,933.03,602.0,2342.53,1649,1083.6,10.0,1102.27,10.0,14279.0,1.03,0.65
2292,184,585.71,620.0,175.0,925.21,447.0,1733.57,574,1008.29,6.0,1006.49,7.0,2622.0,0.95,0.62
2293,257,717.72,720.0,285.0,899.09,613.0,2234.42,801,1057.81,9.0,1070.9,9.0,3302.0,1.11,0.68
2294,109,752.57,730.0,112.0,928.32,508.0,2141.03,329,1011.38,6.0,1023.28,8.0,2061.0,1.03,0.72
2295,204,687.77,700.0,224.0,947.24,674.5,1839.45,708,999.93,5.0,991.74,6.0,8091.0,1.1,0.7
2296,140,639.56,660.0,144.0,817.15,569.0,1978.79,465,1017.15,6.0,1033.06,8.0,2026.0,1.03,0.65
2297,102,588.82,650.0,107.0,1059.84,448.0,1511.34,293,1031.92,7.0,1033.64,8.0,1801.0,1.05,0.63
2298,615,514.0,530.0,612.0,806.66,528.0,1383.62,1878,986.95,5.0,984.54,6.0,10141.0,1.0,0.54
2299,859,465.46,450.0,871.0,859.23,505.0,1226.59,2312,962.38,3.0,972.18,5.0,11905.0,1.01,0.47
2300,1289,684.49,650.0,1360.0,851.98,491.5,2063.54,3418,1048.5,8.0,1080.45,9.0,12058.0,1.06,0.62
2301,2,570.0,570.0,1.0,908.0,908.0,2120.0,12,997.45,5.0,983.38,6.0,8739.0,0.5,0.57
2302,194,704.54,700.0,182.0,792.25,557.0,2114.65,400,1041.98,8.0,1063.72,9.0,1411.0,0.94,0.67
2303,370,682.59,675.0,399.0,940.98,538.0,1934.05,1327,995.03,5.0,1023.23,8.0,9710.0,1.08,0.68
2304,808,575.86,625.0,773.0,1079.68,622.0,1561.33,2737,984.69,4.0,979.91,6.0,15807.0,0.96,0.64
2305,399,698.78,675.0,423.0,1184.39,653.0,1952.07,1302,1050.1,8.0,1049.94,8.0,13108.0,1.06,0.64
2306,43,496.84,525.0,45.0,1148.84,760.0,797.56,329,660.3,1.0,706.36,1.0,3421.0,1.05,0.8
2307,284,485.51,520.0,284.0,768.1,459.5,1233.61,665,962.37,3.0,934.92,3.0,4537.0,1.0,0.54
2311,7,508.57,490.0,8.0,1359.5,970.0,1656.25,32,992.01,5.0,959.23,4.0,913.0,1.14,0.49
2312,17,530.29,550.0,17.0,1294.41,814.0,949.24,75,968.07,4.0,919.91,2.0,1500.0,1.0,0.57
2315,502,639.71,615.0,489.0,971.52,587.0,1759.01,1625,1005.06,6.0,978.9,6.0,15287.0,0.97,0.61
2316,97,693.81,695.0,105.0,1194.93,696.0,1660.11,372,1009.52,6.0,967.34,5.0,6577.0,1.08,0.69
2317,176,658.08,650.0,148.0,978.87,528.5,1859.55,610,994.85,5.0,960.31,5.0,6553.0,0.84,0.65
2318,296,670.17,672.5,286.0,871.02,593.5,1990.15,813,1021.52,7.0,987.9,6.0,13667.0,0.97,0.66
2319,181,578.39,585.0,210.0,1187.27,749.0,1347.31,679,936.73,2.0,896.93,2.0,6887.0,1.16,0.62
2320,1239,600.24,600.0,1133.0,1002.86,620.0,1463.74,4089,992.27,5.0,966.97,5.0,39163.0,0.91,0.6
2321,994,635.65,622.5,723.0,834.43,541.0,1587.65,2558,1020.88,7.0,986.22,6.0,19857.0,0.73,0.61
2322,880,637.47,635.0,700.0,860.53,564.0,1657.82,2631,981.44,4.0,955.0,4.0,24373.0,0.8,0.65
2323,727,568.37,585.0,726.0,1097.48,721.0,1495.55,2993,974.61,4.0,953.29,4.0,26051.0,1.0,0.6
2324,665,551.18,555.0,642.0,1041.98,644.0,1266.86,2553,939.27,2.0,909.06,2.0,25443.0,0.96,0.59
2325,1096,533.28,530.0,983.0,1074.15,555.0,1213.69,3657,918.96,2.0,891.5,1.0,31073.0,0.9,0.58
2326,122,520.25,500.0,113.0,1067.65,680.0,1206.56,516,902.42,1.0,872.93,1.0,7871.0,0.93,0.55
2327,208,506.54,500.0,228.0,1321.53,725.5,1103.81,939,898.58,1.0,859.72,1.0,7830.0,1.1,0.56
2328,61,574.44,550.0,53.0,965.3,576.0,1461.47,225,980.86,4.0,943.8,4.0,2506.0,0.87,0.56
2329,47,444.04,420.0,51.0,755.39,393.0,1239.9,185,939.79,2.0,914.77,2.0,2138.0,1.08,0.45
2330,519,583.46,580.0,464.0,945.36,582.0,1511.97,1887,988.26,5.0,953.15,4.0,21445.0,0.89,0.59
2333,581,506.53,520.0,571.0,960.24,648.0,1266.72,2221,927.66,2.0,899.78,2.0,13795.0,0.98,0.56
2334,109,552.52,550.0,97.0,787.22,483.0,1445.32,306,977.42,4.0,929.5,3.0,3349.0,0.89,0.56
2335,530,665.18,690.0,387.0,699.04,478.0,1692.42,1230,1025.5,7.0,995.36,6.0,8124.0,0.73,0.67
2336,48,479.27,490.0,55.0,850.62,502.0,1282.85,212,969.49,4.0,926.97,3.0,2589.0,1.15,0.5
2337,214,503.21,500.0,196.0,1019.28,675.0,1526.07,766,989.58,5.0,959.74,5.0,8060.0,0.92,0.5
2338,25,445.6,440.0,26.0,1190.27,931.0,1016.54,111,952.61,3.0,922.61,3.0,1403.0,1.04,0.46
2339,7,495.71,500.0,10.0,1401.8,1001.5,981.6,31,990.75,5.0,965.17,5.0,718.0,1.43,0.5
2340,1962,473.73,460.0,1992.0,947.85,568.0,1115.59,7172,963.35,3.0,940.69,4.0,52436.0,1.01,0.48
2341,51,367.06,375.0,41.0,1160.07,444.0,861.66,158,823.93,1.0,808.48,1.0,1478.0,0.8,0.46
2342,3,566.67,650.0,3.0,1118.67,1447.0,133.33,15,1021.97,7.0,994.48,6.0,465.0,1.0,0.64
2343,82,396.15,405.0,97.0,971.94,518.0,1096.57,424,941.71,2.0,919.54,2.0,4858.0,1.18,0.43
2344,4,912.5,700.0,7.0,836.14,269.0,888.71,25,1058.25,9.0,1015.01,7.0,674.0,1.75,0.66
2345,4,461.25,437.5,5.0,1038.6,1129.0,796.0,20,1023.11,7.0,967.6,5.0,707.0,1.25,0.43
2346,93,386.08,385.0,96.0,816.18,395.0,864.72,340,909.17,2.0,883.79,1.0,3033.0,1.03,0.42
2347,44,277.73,285.0,36.0,637.5,324.5,599.22,146,902.42,1.0,895.1,2.0,1865.0,0.82,0.32
2350,1267,448.99,450.0,1239.0,812.24,509.0,1183.47,4109,988.21,5.0,984.97,6.0,26911.0,0.98,0.46
2352,141,460.32,450.0,73.0,932.52,707.0,1077.08,336,971.6,4.0,925.98,3.0,2950.0,0.52,0.46
2353,7,567.14,550.0,7.0,1164.86,582.0,1762.29,29,984.88,4.0,934.92,3.0,1201.0,1.0,0.56
2354,38,342.37,350.0,33.0,1361.06,715.0,848.45,190,995.66,5.0,973.89,5.0,3484.0,0.87,0.35
2355,7,462.86,450.0,8.0,803.88,623.0,1162.5,16,953.8,3.0,931.33,3.0,627.0,1.14,0.47
2356,1,120.0,120.0,3.0,1855.33,563.0,435.0,6,899.98,1.0,896.6,2.0,124.0,3.0,0.13
2357,85,324.24,350.0,89.0,1218.17,674.0,682.51,299,931.35,2.0,914.66,2.0,4069.0,1.05,0.38
2358,118,446.76,450.0,97.0,689.3,399.0,1178.04,376,970.06,4.0,943.04,4.0,3727.0,0.82,0.46
2359,4,345.0,315.0,5.0,2443.6,335.0,794.2,16,910.77,2.0,896.76,2.0,710.0,1.25,0.35
2360,451,414.81,390.0,398.0,967.92,528.5,1005.44,1668,935.57,2.0,909.09,2.0,14995.0,0.88,0.42
2361,13,304.62,300.0,12.0,1472.25,811.5,692.17,52,856.11,1.0,864.77,1.0,927.0,0.92,0.35
2365,96,363.75,355.0,113.0,517.81,313.0,917.75,304,964.8,3.0,938.34,3.0,3762.0,1.18,0.37
2369,5,308.0,360.0,6.0,1283.67,1098.5,250.0,41,852.6,1.0,855.54,1.0,871.0,1.2,0.42
2370,193,354.02,350.0,247.0,1157.61,771.0,709.81,849,906.6,1.0,891.19,1.0,7785.0,1.28,0.39
2371,17,375.59,400.0,16.0,724.5,678.0,783.75,49,896.48,1.0,884.44,1.0,1158.0,0.94,0.45
2372,123,412.11,400.0,126.0,811.51,423.0,1006.04,471,935.5,2.0,913.72,2.0,4789.0,1.02,0.43
2379,3,350.0,350.0,3.0,630.67,500.0,1446.67,9,1011.7,6.0,1006.56,7.0,291.0,1.0,0.35
2380,500,476.55,480.0,519.0,1091.44,545.0,1283.44,1537,965.76,3.0,938.76,3.0,11118.0,1.04,0.5
2381,16,414.38,445.0,18.0,903.78,538.5,1175.22,44,952.14,3.0,937.29,3.0,1302.0,1.12,0.47
2382,53,395.38,400.0,60.0,618.17,370.5,1086.38,188,928.18,2.0,898.52,2.0,1381.0,1.13,0.43
2386,2,115.0,115.0,4.0,3395.0,3316.5,252.0,4,1038.38,8.0,1017.3,7.0,293.0,2.0,0.11
2387,2,152.5,152.5,3.0,1507.0,1329.0,488.67,4,1011.85,6.0,1002.03,7.0,201.0,1.5,0.15
2388,53,398.06,352.0,43.0,825.42,447.0,576.47,196,942.14,2.0,921.07,3.0,2554.0,0.81,0.37
2390,266,428.25,420.0,269.0,899.17,514.0,1200.85,1065,978.01,4.0,947.4,4.0,8540.0,1.01,0.43
2395,1,290.0,290.0,2.0,792.5,792.5,530.0,17,855.71,1.0,850.28,1.0,725.0,2.0,0.34
2396,4,220.0,160.0,6.0,344.5,263.5,806.67,30,898.12,1.0,883.5,1.0,834.0,1.5,0.18
2398,1,330.0,330.0,0.0,971.94,602.0,1574.63,3,1036.28,7.0,1002.57,7.0,248.0,0.0,0.32
2399,3,333.33,300.0,1.0,212.0,212.0,1800.0,27,974.92,4.0,942.15,4.0,623.0,0.33,0.31
2400,345,370.76,350.0,408.0,970.64,480.5,809.06,1403,952.94,3.0,938.1,3.0,9708.0,1.18,0.37
2401,1,320.0,320.0,1.0,223.0,223.0,1200.0,6,985.95,4.0,967.93,5.0,299.0,1.0,0.32
2402,26,303.85,320.0,31.0,851.87,601.0,788.94,95,918.71,2.0,898.56,2.0,1745.0,1.19,0.35
2403,8,361.25,350.0,9.0,641.11,595.0,584.44,29,942.64,2.0,921.34,3.0,719.0,1.12,0.37
2404,29,342.07,310.0,37.0,1497.62,674.0,905.38,96,940.23,2.0,912.3,2.0,1676.0,1.28,0.33
2405,3,198.33,175.0,3.0,1076.33,1163.0,740.0,11,976.09,4.0,977.95,5.0,500.0,1.0,0.18
2406,21,252.14,240.0,18.0,558.22,218.0,690.72,48,937.08,2.0,936.65,3.0,705.0,0.86,0.26
2407,1,320.0,320.0,1.0,842.0,842.0,1160.0,1,997.45,5.0,983.38,6.0,8739.0,1.0,0.32
2409,5,280.0,175.0,8.0,832.88,481.0,777.5,34,772.82,1.0,829.88,1.0,1072.0,1.6,0.23
2410,1,300.0,300.0,1.0,199.0,199.0,830.0,5,946.07,3.0,935.08,3.0,240.0,1.0,0.32
2415,3,526.67,480.0,2.0,4083.0,4083.0,1591.0,25,989.06,5.0,956.85,4.0,429.0,0.67,0.48
2420,75,491.2,500.0,76.0,1027.82,516.0,1408.25,284,975.13,4.0,943.72,4.0,4016.0,1.01,0.51
2421,17,667.06,650.0,12.0,555.17,483.0,2306.75,51,1057.91,9.0,1023.49,8.0,2069.0,0.71,0.61
2422,118,440.56,450.0,140.0,1257.71,635.5,1067.54,507,939.65,2.0,911.32,2.0,5608.0,1.19,0.48
2423,45,465.49,480.0,47.0,1286.96,628.0,1238.43,180,928.56,2.0,895.69,2.0,3297.0,1.04,0.52
2424,2,465.0,465.0,0.0,971.94,602.0,1574.63,10,898.91,1.0,888.06,1.0,480.0,0.0,0.52
2425,19,500.26,500.0,22.0,1311.73,733.5,1266.27,86,979.18,4.0,947.28,4.0,2018.0,1.16,0.51
2426,15,429.33,420.0,16.0,1027.38,671.5,1294.88,41,944.48,2.0,905.62,2.0,850.0,1.07,0.44
2427,90,483.17,500.0,95.0,910.19,525.0,1330.06,307,947.69,3.0,911.41,2.0,3463.0,1.06,0.53
2428,829,527.1,520.0,819.0,979.18,552.0,1370.6,2823,947.19,3.0,913.89,2.0,25187.0,0.99,0.55
2429,124,454.02,460.0,132.0,1144.33,645.0,1070.97,597,934.49,2.0,902.94,2.0,9650.0,1.06,0.49
2430,931,499.47,490.0,1129.0,1069.85,590.0,1249.95,3961,931.01,2.0,904.92,2.0,36841.0,1.21,0.53
2431,255,495.32,525.0,236.0,1024.26,507.0,1472.58,694,957.55,3.0,917.51,2.0,5628.0,0.92,0.55
2439,33,555.15,570.0,39.0,806.05,652.0,1563.05,129,996.53,5.0,946.83,4.0,4031.0,1.18,0.57
2440,491,452.03,450.0,483.0,1091.97,608.0,1004.43,2111,887.99,1.0,869.82,1.0,23166.0,0.98,0.51
2441,61,507.11,480.0,67.0,1099.3,508.0,1026.78,238,942.62,2.0,919.3,2.0,4288.0,1.1,0.51
2443,154,515.06,500.0,180.0,1245.49,738.5,1452.39,776,936.45,2.0,903.91,2.0,8739.0,1.17,0.53
2444,2019,585.61,575.0,2115.0,899.93,557.0,1587.14,6601,992.3,5.0,971.36,5.0,51117.0,1.05,0.58
2445,181,655.86,650.0,194.0,920.73,571.0,1723.86,514,1014.59,6.0,982.44,6.0,7350.0,1.07,0.64
2446,268,545.49,548.5,258.0,1096.66,572.5,1392.81,1026,968.4,4.0,934.22,3.0,15054.0,0.96,0.57
2447,134,527.92,535.0,133.0,997.17,482.0,1444.26,451,941.62,2.0,914.19,2.0,7809.0,0.99,0.57
2448,323,504.51,500.0,296.0,953.42,613.0,1287.81,1088,914.77,2.0,894.25,2.0,9618.0,0.92,0.55
2449,29,492.59,470.0,30.0,1518.47,760.0,1190.43,104,868.3,1.0,859.84,1.0,2165.0,1.03,0.54
2450,1755,597.06,595.0,1773.0,1004.93,558.0,1649.55,5643,972.12,4.0,956.85,4.0,47335.0,1.01,0.61
2452,438,580.35,580.0,451.0,1029.69,612.0,1604.08,1547,956.4,3.0,928.35,3.0,15260.0,1.03,0.61
2453,48,415.15,420.0,45.0,978.11,601.0,1155.53,179,967.62,4.0,948.09,4.0,2787.0,0.94,0.43
2454,143,569.76,570.0,149.0,867.95,537.0,1792.34,502,992.82,5.0,976.42,5.0,7953.0,1.04,0.57
2455,92,502.2,520.0,85.0,1133.4,637.0,1453.59,327,947.19,3.0,919.54,2.0,3185.0,0.92,0.55
2456,428,650.72,650.0,429.0,906.42,552.0,1826.41,1325,982.6,4.0,965.18,5.0,17141.0,1.0,0.66
2460,767,456.22,470.0,772.0,999.2,559.5,1009.34,3073,924.78,2.0,896.84,2.0,31079.0,1.01,0.51
2462,45,431.0,440.0,44.0,1179.93,678.5,1292.14,197,925.16,2.0,888.2,1.0,2529.0,0.98,0.48
2463,164,517.43,530.0,183.0,911.72,512.0,1314.04,616,963.76,3.0,928.14,3.0,8304.0,1.12,0.55
2464,322,604.69,600.0,347.0,845.53,494.0,1691.42,865,997.72,5.0,964.8,5.0,7058.0,1.08,0.6
2465,6,455.0,450.0,3.0,1533.67,1547.0,1000.0,27,904.31,1.0,882.95,1.0,346.0,0.5,0.5
2466,64,493.59,477.5,61.0,994.74,523.0,1221.82,226,902.58,1.0,874.8,1.0,1765.0,0.95,0.53
2469,31,381.61,350.0,35.0,681.31,427.0,1087.89,135,892.94,1.0,876.92,1.0,4359.0,1.13,0.39
2470,280,464.15,480.0,341.0,1177.83,623.0,1056.02,1449,911.18,2.0,878.49,1.0,15477.0,1.22,0.53
2471,25,514.6,500.0,30.0,943.27,591.0,1186.83,122,954.59,3.0,922.51,3.0,2821.0,1.2,0.52
2472,52,562.88,550.0,45.0,574.58,474.0,1364.91,153,943.39,2.0,907.94,2.0,1987.0,0.86,0.58
2473,106,525.19,500.0,132.0,973.65,492.5,1460.65,464,958.76,3.0,931.11,3.0,3203.0,1.25,0.52
2474,100,500.85,450.0,118.0,1056.36,569.0,1143.53,462,925.01,2.0,908.09,2.0,6492.0,1.18,0.49
2475,8,336.25,335.0,9.0,1681.44,1242.0,584.33,28,873.3,1.0,856.82,1.0,399.0,1.12,0.38
2476,8,400.0,370.0,7.0,863.29,428.0,747.86,40,952.67,3.0,927.64,3.0,847.0,0.88,0.39
2477,250,635.42,645.0,273.0,1043.12,567.0,1848.44,973,1015.8,6.0,988.33,6.0,12899.0,1.09,0.64
2478,966,764.07,760.0,1000.0,902.02,487.5,2269.46,3400,1012.8,6.0,995.94,6.0,32053.0,1.03,0.75
2479,165,1057.03,950.0,165.0,759.39,478.0,2974.19,429,1070.78,9.0,1080.22,9.0,5780.0,1.0,0.89
2480,1021,554.96,550.0,1078.0,945.69,597.5,1479.86,4301,968.28,4.0,948.31,4.0,45938.0,1.06,0.57
2481,552,1088.48,950.0,609.0,760.5,410.0,3282.41,1616,1029.29,7.0,1047.49,8.0,13659.0,1.1,0.92
2482,187,800.04,780.0,210.0,765.03,483.5,2300.69,681,990.35,5.0,988.51,6.0,6967.0,1.12,0.79
2483,347,826.5,800.0,364.0,868.65,519.0,2485.02,1135,1000.17,5.0,991.64,6.0,11616.0,1.05,0.8
2484,318,634.3,620.0,358.0,1232.44,707.0,1694.76,1460,967.09,3.0,945.39,4.0,20083.0,1.13,0.64
2485,543,716.81,700.0,610.0,1095.39,649.5,1956.97,2151,958.58,3.0,936.14,3.0,15349.0,1.12,0.73
2486,535,820.67,780.0,577.0,1087.37,663.0,2146.46,2148,984.99,4.0,955.57,4.0,32838.0,1.08,0.79
2487,546,923.13,835.0,548.0,856.84,425.5,2674.66,1395,1029.04,7.0,1024.17,8.0,15090.0,1.0,0.81
2488,114,948.25,875.0,111.0,914.1,476.0,2518.59,347,1015.65,6.0,996.87,6.0,3523.0,0.97,0.86
2489,192,859.93,800.0,202.0,1024.18,556.5,2500.91,532,1023.83,7.0,1003.52,7.0,7894.0,1.05,0.78
2490,8,697.5,690.0,9.0,542.56,391.0,2131.11,26,1036.48,7.0,1001.51,7.0,690.0,1.12,0.67
2500,2698,654.72,640.0,2873.0,934.85,643.0,1843.44,8877,1006.27,6.0,1025.62,8.0,43472.0,1.06,0.64
2502,405,569.45,570.0,350.0,926.5,615.0,1420.0,1526,850.53,1.0,864.62,1.0,12551.0,0.86,0.67
2505,195,573.43,560.0,200.0,1177.3,675.5,1427.0,744,930.48,2.0,932.99,3.0,5088.0,1.03,0.6
2506,133,652.88,620.0,128.0,951.45,655.0,1555.62,562,885.11,1.0,877.01,1.0,7798.0,0.96,0.7
2508,133,836.56,800.0,135.0,849.21,612.0,2609.34,408,1087.36,10.0,1084.56,9.0,9346.0,1.01,0.74
2515,266,894.76,835.0,264.0,910.21,554.0,2990.13,787,1095.56,10.0,1113.26,10.0,11745.0,0.99,0.76
2516,112,806.61,765.0,115.0,1065.37,675.0,2524.09,345,1059.97,9.0,1073.91,9.0,6798.0,1.03,0.72
2517,203,778.89,750.0,246.0,978.68,622.5,2264.0,865,1027.83,7.0,1026.02,8.0,13959.0,1.21,0.73
2518,559,650.7,620.0,611.0,1217.1,681.0,1775.92,2298,967.81,4.0,969.55,5.0,19864.0,1.09,0.64
2519,463,688.63,650.0,488.0,1043.75,698.5,1809.69,1732,1011.55,6.0,1018.33,7.0,17227.0,1.05,0.64
2520,1,470.0,470.0,4.0,1158.25,1272.5,1210.0,5,997.45,5.0,983.38,6.0,8739.0,4.0,0.47
2525,219,691.84,700.0,216.0,984.11,669.0,2031.6,737,1054.14,8.0,1049.83,8.0,12335.0,0.99,0.66
2526,315,699.71,700.0,270.0,995.67,647.0,1914.03,1050,1015.75,6.0,1007.22,7.0,16736.0,0.86,0.69
2527,609,689.85,695.0,525.0,925.69,625.0,1907.47,1864,1005.19,6.0,973.68,5.0,26072.0,0.86,0.69
2528,573,629.74,630.0,610.0,1230.61,653.0,1520.2,2409,904.02,1.0,888.61,1.0,23735.0,1.06,0.7
2529,800,748.21,750.0,796.0,860.91,545.5,2087.45,2627,1022.76,7.0,1006.11,7.0,29134.0,1.0,0.73
2530,618,675.02,680.0,571.0,1021.67,654.0,1781.13,2268,993.1,5.0,965.07,5.0,35038.0,0.92,0.68
2533,348,749.9,750.0,361.0,973.39,602.0,2318.57,1118,1068.02,9.0,1059.12,9.0,17177.0,1.04,0.7
2534,160,705.53,700.0,152.0,766.71,440.5,2251.29,448,1075.93,9.0,1067.76,9.0,5767.0,0.95,0.65
2535,144,698.44,682.5,164.0,814.54,501.0,2199.23,413,1044.96,8.0,1026.54,8.0,7993.0,1.14,0.65
2536,664,535.38,527.5,666.0,882.09,497.0,1453.5,2047,970.22,4.0,933.55,3.0,19333.0,1.0,0.54
2537,241,554.98,550.0,225.0,1065.63,524.0,1556.62,854,1006.24,6.0,965.43,5.0,12981.0,0.93,0.55
2538,26,545.0,522.5,28.0,958.64,551.5,1632.07,104,1042.6,8.0,1005.32,7.0,2580.0,1.08,0.5
2539,464,562.47,560.0,502.0,973.55,529.0,1551.45,1620,992.44,5.0,950.73,4.0,20305.0,1.08,0.56
2540,1265,562.97,550.0,1153.0,892.94,522.0,1547.96,3943,989.14,5.0,954.3,4.0,48267.0,0.91,0.56
2541,1116,521.66,520.0,1115.0,926.16,562.0,1279.21,4287,923.59,2.0,904.26,2.0,28038.0,1.0,0.56
2545,23,467.17,460.0,13.0,1379.0,528.0,1305.46,51,987.1,5.0,956.01,4.0,1117.0,0.56,0.47
2546,227,500.68,500.0,233.0,861.83,485.0,1382.33,757,986.27,5.0,946.34,4.0,10066.0,1.03,0.51
2548,309,589.42,550.0,294.0,705.48,414.0,1762.11,899,1012.33,6.0,973.52,5.0,8419.0,0.95,0.54
2549,61,546.62,560.0,81.0,1076.22,617.0,1434.05,177,1013.9,6.0,964.56,5.0,4101.0,1.33,0.55
2550,302,516.74,500.0,311.0,988.17,559.0,1470.22,1044,981.31,4.0,946.98,4.0,16936.0,1.03,0.51
2551,65,497.46,490.0,91.0,992.76,610.0,1339.76,325,912.95,2.0,882.38,1.0,3718.0,1.4,0.54
2555,1,700.0,700.0,2.0,1022.5,1022.5,1190.0,6,949.21,3.0,988.3,6.0,168.0,2.0,0.74
2556,39,715.0,680.0,43.0,873.42,407.0,1693.23,130,1017.06,6.0,999.33,7.0,2433.0,1.1,0.67
2557,664,782.25,760.0,583.0,826.07,557.0,1787.63,2170,1043.27,8.0,1063.21,9.0,20103.0,0.88,0.73
2558,186,600.48,600.0,160.0,1020.46,598.0,1295.16,712,973.86,4.0,953.91,4.0,11099.0,0.86,0.62
2559,68,650.07,670.0,66.0,1288.65,670.5,1106.8,217,710.67,1.0,783.4,1.0,2991.0,0.97,0.94
2560,2396,581.37,560.0,2333.0,1079.53,703.0,1235.15,8953,940.65,2.0,939.1,3.0,82543.0,0.97,0.6
2563,122,722.42,750.0,44.0,489.2,365.0,1721.93,189,984.51,4.0,966.83,5.0,276.0,0.36,0.76
2564,393,574.18,550.0,363.0,1054.29,639.0,1295.72,1199,866.07,1.0,883.79,1.0,14198.0,0.92,0.64
2565,970,679.85,690.0,925.0,990.46,677.0,1568.27,3206,1007.47,6.0,1024.78,8.0,31588.0,0.95,0.68
2566,515,602.27,600.0,484.0,1248.64,788.0,1254.93,2023,951.7,3.0,947.55,4.0,27796.0,0.94,0.63
2567,657,714.59,700.0,665.0,1019.41,677.0,1836.93,2544,1046.35,8.0,1040.79,8.0,40951.0,1.01,0.67
2568,49,703.98,730.0,22.0,793.45,382.5,2301.45,94,1085.74,10.0,1067.02,9.0,1252.0,0.45,0.67
2569,10,663.0,650.0,13.0,561.31,479.0,2054.15,40,1065.31,9.0,1037.49,8.0,1386.0,1.3,0.61
2570,1854,700.76,720.0,1764.0,817.99,561.5,1802.18,5835,1046.1,8.0,1046.54,8.0,63663.0,0.95,0.69
2571,365,679.02,700.0,241.0,990.9,518.0,1688.97,877,1060.99,9.0,1044.5,8.0,13174.0,0.66,0.66
2572,200,597.79,600.0,164.0,741.15,565.5,1574.63,584,1016.88,6.0,990.76,6.0,5484.0,0.82,0.59
2573,437,556.37,570.0,309.0,839.84,424.0,1462.7,985,979.0,4.0,954.04,4.0,5777.0,0.71,0.58
2574,57,644.56,590.0,50.0,980.54,624.5,1541.1,290,1010.82,6.0,977.5,5.0,5934.0,0.88,0.58
2575,374,663.82,650.0,393.0,1290.84,579.0,1841.57,1454,1032.02,7.0,1008.38,7.0,17846.0,1.05,0.63
2576,334,797.57,740.0,386.0,1192.32,577.0,2313.1,1039,1071.14,9.0,1073.82,9.0,14189.0,1.16,0.69
2577,366,661.05,650.0,381.0,1080.59,612.0,2043.71,1388,1040.36,8.0,1023.7,8.0,16724.0,1.04,0.62
2578,82,666.89,650.0,75.0,957.05,521.0,1889.52,159,1036.0,7.0,1016.25,7.0,2846.0,0.92,0.63
2579,94,688.72,600.0,86.0,879.6,486.0,1700.77,256,1027.07,7.0,996.59,6.0,4646.0,0.92,0.58
2580,976,496.14,480.0,995.0,845.06,531.0,1293.08,3528,973.8,4.0,948.82,4.0,31629.0,1.02,0.49
2581,19,584.74,550.0,11.0,1327.64,1066.0,1252.73,76,1065.03,9.0,1044.67,8.0,2507.0,0.58,0.52
2582,174,562.76,550.0,189.0,960.98,555.0,1583.46,720,1054.72,8.0,1048.95,8.0,13693.0,1.09,0.52
2583,79,453.56,460.0,66.0,866.33,408.0,1126.48,225,996.99,5.0,966.39,5.0,4604.0,0.84,0.46
2584,6,345.0,350.0,8.0,516.62,355.5,850.0,17,1043.83,8.0,1010.53,7.0,550.0,1.33,0.34
2585,6,350.0,375.0,2.0,125.5,125.5,1100.0,18,988.12,5.0,973.79,5.0,235.0,0.33,0.38
2586,45,436.56,450.0,50.0,962.28,517.5,1004.6,137,984.79,4.0,959.47,5.0,2871.0,1.11,0.46
2587,43,413.6,420.0,43.0,895.7,521.0,993.37,192,951.86,3.0,929.47,3.0,2932.0,1.0,0.44
2588,2,575.0,575.0,0.0,971.94,602.0,1574.63,9,1011.45,6.0,995.24,6.0,299.0,0.0,0.57
2590,147,418.84,420.0,138.0,1232.83,655.0,1050.61,582,944.56,2.0,917.97,2.0,7153.0,0.94,0.44
2594,297,400.32,420.0,308.0,1038.42,665.0,1065.6,1277,946.84,3.0,919.56,2.0,12150.0,1.04,0.44
2611,2,507.5,507.5,0.0,971.94,602.0,1574.63,6,1084.1,10.0,1111.17,10.0,36535.0,0.0,0.47
2617,1,450.0,450.0,0.0,971.94,602.0,1574.63,1,1067.44,9.0,1081.85,9.0,38073.0,0.0,0.42
2618,5,782.0,910.0,5.0,1086.4,794.0,1612.0,34,1114.47,10.0,1123.14,10.0,1397.0,1.0,0.82
2619,134,770.63,755.0,146.0,806.36,558.0,2386.21,408,1122.95,10.0,1139.88,10.0,9601.0,1.09,0.67
2620,1532,572.64,560.0,1479.0,961.6,592.0,1693.57,4916,1047.19,8.0,1046.48,8.0,45604.0,0.96,0.54
2621,104,690.0,675.0,110.0,694.38,460.0,2112.61,273,1102.68,10.0,1112.22,10.0,6688.0,1.06,0.61
2622,71,510.49,500.0,74.0,1043.49,572.0,1482.64,212,1027.56,7.0,1005.02,7.0,4141.0,1.04,0.49
2623,9,551.11,520.0,10.0,758.2,497.0,1467.8,22,985.12,4.0,951.8,4.0,611.0,1.11,0.53
2625,3,455.0,400.0,0.0,971.94,602.0,1574.63,14,1015.6,6.0,1028.28,8.0,400.0,0.0,0.39
2626,5,530.0,550.0,1.0,1103.0,1103.0,620.0,14,1054.72,8.0,1022.57,8.0,515.0,0.2,0.52
2627,374,861.51,650.0,354.0,443.89,220.5,3164.01,543,1067.82,9.0,1039.92,8.0,5263.0,0.95,0.61
2628,74,545.07,500.0,87.0,493.55,350.0,1719.0,130,1026.15,7.0,987.1,6.0,2176.0,1.18,0.49
2629,6,681.67,495.0,1.0,418.0,418.0,1960.0,25,1001.32,5.0,981.39,6.0,534.0,0.17,0.49
2630,270,494.53,460.0,256.0,1018.02,634.5,1349.46,1276,1000.78,5.0,971.31,5.0,8876.0,0.95,0.46
2631,5,436.0,420.0,4.0,619.5,608.5,1292.5,15,968.46,4.0,931.95,3.0,629.0,0.8,0.43
2632,33,373.79,380.0,37.0,786.65,370.0,1052.76,136,965.07,3.0,931.37,3.0,1892.0,1.12,0.39
2633,6,360.0,340.0,7.0,742.86,727.0,1149.57,23,939.1,2.0,914.62,2.0,321.0,1.17,0.36
2640,1623,496.25,485.0,1576.0,847.01,528.0,1250.42,5144,999.34,5.0,981.21,6.0,39879.0,0.97,0.48
2641,825,458.79,450.0,707.0,1069.75,696.0,995.12,2781,894.44,1.0,876.92,1.0,16550.0,0.86,0.5
2642,73,525.14,450.0,79.0,912.57,511.0,1251.96,207,1024.37,7.0,986.16,6.0,5476.0,1.08,0.44
2643,63,500.32,490.0,58.0,1028.78,626.5,1211.53,203,973.49,4.0,920.5,2.0,2997.0,0.92,0.5
2644,33,391.36,380.0,27.0,820.48,515.0,928.74,128,987.66,5.0,956.18,4.0,2442.0,0.82,0.38
2645,8,251.25,275.0,4.0,1114.0,1095.5,537.0,36,876.93,1.0,876.31,1.0,339.0,0.5,0.31
2646,158,413.96,420.0,160.0,1274.29,627.0,1040.7,572,962.52,3.0,922.03,3.0,6841.0,1.01,0.44
2647,52,435.0,435.0,55.0,837.38,509.0,1168.98,199,1006.18,6.0,949.35,4.0,2557.0,1.06,0.43
2648,43,373.02,360.0,36.0,1116.11,709.0,674.97,186,937.81,2.0,917.65,2.0,2671.0,0.84,0.38
2650,2420,504.0,490.0,2317.0,916.78,582.0,1304.69,7698,986.38,5.0,969.93,5.0,61511.0,0.96,0.5
2651,98,513.06,510.0,79.0,928.9,650.0,1262.11,249,1000.34,5.0,954.76,4.0,3081.0,0.81,0.51
2652,51,411.96,380.0,53.0,828.87,477.0,831.77,153,1019.68,7.0,983.38,6.0,4757.0,1.04,0.37
2653,63,421.19,385.0,60.0,567.07,323.0,1281.57,197,956.55,3.0,927.61,3.0,2636.0,0.95,0.4
2655,8,482.5,475.0,9.0,566.56,501.0,985.22,42,988.24,5.0,951.17,4.0,1416.0,1.12,0.48
2656,24,356.96,382.5,21.0,790.43,455.0,843.24,90,970.9,4.0,948.63,4.0,1327.0,0.88,0.39
2658,35,331.71,350.0,30.0,807.07,558.5,730.7,81,952.54,3.0,929.77,3.0,1488.0,0.86,0.37
2659,10,403.5,435.0,8.0,1495.75,849.0,760.38,43,958.71,3.0,929.81,3.0,871.0,0.8,0.45
2660,38,381.84,375.0,39.0,746.56,317.0,1049.23,108,962.59,3.0,932.19,3.0,1607.0,1.03,0.39
2663,147,381.46,400.0,170.0,987.44,548.5,911.75,427,905.12,1.0,888.1,1.0,5281.0,1.16,0.44
2665,17,291.76,250.0,14.0,855.36,539.0,601.79,81,955.47,3.0,936.52,3.0,2017.0,0.82,0.26
2666,148,394.59,377.5,123.0,937.6,516.0,1101.37,454,973.22,4.0,940.43,4.0,5636.0,0.83,0.39
2669,16,251.56,250.0,13.0,552.69,214.0,459.08,34,998.57,5.0,979.6,6.0,1539.0,0.81,0.25
2671,111,416.41,440.0,103.0,955.35,578.0,1145.54,398,998.18,5.0,954.39,4.0,3969.0,0.93,0.44
2672,24,316.58,259.0,21.0,1118.33,518.0,853.71,104,937.67,2.0,925.21,3.0,1511.0,0.88,0.28
2675,19,337.63,330.0,21.0,996.86,773.0,1047.71,112,960.53,3.0,944.83,4.0,1659.0,1.1,0.34
2680,659,480.08,470.0,668.0,1162.34,686.0,1112.38,2723,971.35,4.0,949.2,4.0,25339.0,1.01,0.48
2681,25,380.2,400.0,29.0,1324.24,769.0,887.1,94,1016.19,6.0,966.71,5.0,1793.0,1.16,0.39
2700,136,358.16,350.0,106.0,707.41,397.5,692.56,462,917.49,2.0,899.43,2.0,4873.0,0.78,0.38
2701,39,422.95,440.0,38.0,669.95,402.0,1157.61,120,1007.57,6.0,971.5,5.0,2492.0,0.97,0.44
2702,4,423.75,397.5,4.0,1287.75,1374.5,672.75,17,951.04,3.0,922.7,3.0,793.0,1.0,0.42
2703,15,351.33,350.0,10.0,553.4,429.0,727.3,52,966.59,3.0,916.84,2.0,744.0,0.67,0.36
2705,275,399.84,400.0,252.0,966.44,630.0,959.6,985,947.31,3.0,922.1,3.0,10687.0,0.92,0.42
2706,22,320.23,295.0,18.0,3037.61,1096.0,680.06,100,924.83,2.0,897.98,2.0,1030.0,0.82,0.32
2707,20,462.5,405.0,15.0,811.2,285.0,997.33,81,1020.69,7.0,988.67,6.0,1167.0,0.75,0.4
2710,291,320.93,320.0,284.0,833.55,513.5,740.38,989,962.62,3.0,933.71,3.0,9743.0,0.98,0.33
2711,57,246.4,230.0,70.0,1111.73,564.5,535.53,269,962.2,3.0,934.09,3.0,3197.0,1.23,0.24
2712,21,323.57,350.0,16.0,1112.5,987.0,653.38,92,935.62,2.0,910.49,2.0,1375.0,0.76,0.37
2713,64,343.91,350.0,58.0,861.64,610.5,681.78,219,950.59,3.0,919.46,2.0,2746.0,0.91,0.37
2714,59,414.1,390.0,58.0,893.95,508.0,850.19,173,980.79,4.0,935.29,3.0,2921.0,0.98,0.4
2715,31,278.77,250.0,26.0,568.35,297.5,733.5,113,943.5,2.0,924.69,3.0,1382.0,0.84,0.26
2716,20,320.5,275.0,20.0,1117.6,381.0,725.85,54,980.81,4.0,943.33,4.0,988.0,1.0,0.28
2717,15,330.67,330.0,17.0,1226.65,473.0,700.41,89,902.83,1.0,887.19,1.0,1205.0,1.13,0.37
2720,186,415.8,410.0,188.0,1121.4,587.0,1083.32,727,951.96,3.0,919.33,2.0,8501.0,1.01,0.43
2721,3,137.0,130.0,3.0,1286.0,337.0,533.33,13,995.97,5.0,988.24,6.0,230.0,1.0,0.13
2722,32,420.62,405.0,45.0,953.56,398.0,1146.38,191,958.76,3.0,931.84,3.0,3418.0,1.41,0.42
2725,3,350.0,320.0,4.0,793.75,236.5,455.75,7,926.17,2.0,902.49,2.0,347.0,1.33,0.35
2726,4,411.25,432.5,4.0,623.75,494.5,1375.0,18,1028.93,7.0,1010.06,7.0,255.0,1.0,0.42
2727,1,470.0,470.0,1.0,481.0,481.0,960.0,10,1042.76,8.0,1020.7,8.0,348.0,1.0,0.45
2729,10,349.0,315.0,11.0,668.91,490.0,645.73,69,978.95,4.0,946.44,4.0,1622.0,1.1,0.32
2730,14,313.57,325.0,22.0,834.32,383.0,764.86,59,901.72,1.0,885.12,1.0,1335.0,1.57,0.36
2731,177,555.22,550.0,160.0,874.38,560.0,1498.98,518,1020.18,7.0,980.52,6.0,7446.0,0.9,0.54
2732,37,346.35,335.0,42.0,1364.76,785.5,742.95,134,967.07,3.0,942.39,4.0,1877.0,1.14,0.35
2733,10,240.0,250.0,12.0,934.92,1001.0,575.83,41,948.03,3.0,927.34,3.0,598.0,1.2,0.26
2734,2,625.0,625.0,0.0,971.94,602.0,1574.63,8,1059.99,9.0,1036.73,8.0,472.0,0.0,0.59
2737,2,397.5,397.5,3.0,627.0,361.0,1013.33,32,984.93,4.0,946.37,4.0,822.0,1.5,0.4
2738,33,466.67,490.0,31.0,742.65,539.0,1267.61,96,1053.82,8.0,1014.98,7.0,2132.0,0.94,0.46
2739,36,453.75,350.0,37.0,876.03,534.0,1026.7,110,974.83,4.0,954.87,4.0,1414.0,1.03,0.36
2745,600,744.54,700.0,571.0,1152.18,699.0,1833.56,2105,1057.68,9.0,1054.6,9.0,31847.0,0.95,0.66
2747,2112,615.92,600.0,1944.0,1033.94,672.0,1421.94,7083,989.96,5.0,985.53,6.0,54397.0,0.92,0.61
2748,17,962.35,760.0,21.0,1321.19,614.0,2167.1,73,1035.52,7.0,1019.03,7.0,1798.0,1.24,0.73
2749,344,678.08,650.0,319.0,1328.99,839.0,1651.24,1154,996.37,5.0,978.5,6.0,17029.0,0.93,0.65
2750,2198,595.86,580.0,2261.0,1065.57,698.0,1480.74,7933,988.97,5.0,977.26,5.0,49204.0,1.03,0.59
2752,108,727.5,772.5,95.0,864.59,497.0,1984.52,318,1048.23,8.0,1024.4,8.0,5747.0,0.88,0.74
2753,434,635.1,600.0,436.0,1092.97,734.5,1570.9,1857,1010.76,6.0,992.41,6.0,17587.0,1.0,0.59
2754,203,672.09,620.0,187.0,998.23,608.0,1734.21,668,1022.32,7.0,1008.56,7.0,7065.0,0.92,0.61
2756,657,648.99,650.0,689.0,1167.21,731.0,1535.88,2752,1021.05,7.0,1001.35,7.0,35328.0,1.05,0.64
2757,12,757.08,705.0,11.0,1162.45,397.0,2085.91,50,1050.5,8.0,1036.83,8.0,850.0,0.92,0.67
2758,66,700.23,695.0,56.0,891.38,528.0,2051.52,210,1074.71,9.0,1062.42,9.0,8848.0,0.85,0.65
2759,572,670.94,660.0,496.0,1076.93,729.5,1557.91,1942,1006.87,6.0,983.64,6.0,26434.0,0.87,0.66
2760,1700,559.59,550.0,1592.0,1065.38,663.0,1144.58,6185,928.83,2.0,923.84,3.0,37632.0,0.94,0.59
2761,722,646.91,630.0,685.0,1200.55,764.0,1469.19,2689,1000.69,5.0,997.9,7.0,34702.0,0.95,0.63
2762,1647,699.89,680.0,1356.0,696.28,482.0,1856.17,3763,1082.62,10.0,1121.52,10.0,21780.0,0.82,0.63
2763,1021,671.36,660.0,955.0,963.98,657.0,1656.24,3077,1046.33,8.0,1051.28,9.0,33197.0,0.94,0.63
2765,2361,790.79,790.0,1919.0,719.21,507.0,1940.0,5834,1066.32,9.0,1092.11,10.0,45613.0,0.81,0.74
2766,352,644.35,650.0,369.0,1494.86,856.0,1211.58,1418,963.35,3.0,966.16,5.0,17047.0,1.05,0.68
2767,430,637.29,610.0,432.0,1167.28,832.5,1277.82,1702,962.6,3.0,977.56,5.0,23384.0,1.0,0.63
2768,416,819.54,820.0,448.0,1030.04,635.0,2141.8,1514,1083.42,10.0,1120.14,10.0,28864.0,1.08,0.76
2769,355,857.25,860.0,350.0,815.07,617.5,2340.95,1094,1105.21,10.0,1162.02,10.0,16315.0,0.99,0.78
2770,1683,529.76,500.0,1711.0,1157.06,735.0,946.84,6514,820.3,1.0,846.0,1.0,61494.0,1.02,0.61
2773,86,790.41,750.0,94.0,1214.86,651.5,2230.77,233,1101.8,10.0,1110.42,10.0,5978.0,1.09,0.68
2774,150,644.56,650.0,170.0,1214.26,749.0,1909.1,605,1070.75,9.0,1066.28,9.0,13010.0,1.13,0.61
2775,31,504.68,480.0,32.0,922.66,436.5,1686.94,93,982.49,4.0,968.96,5.0,1518.0,1.03,0.49
2776,46,643.15,625.0,42.0,1025.9,558.5,1911.76,162,1070.32,9.0,1058.36,9.0,4156.0,0.91,0.58
2777,213,663.66,660.0,226.0,1135.54,698.5,1911.07,842,1069.67,9.0,1055.83,9.0,17816.0,1.06,0.62
2778,27,631.85,620.0,24.0,981.75,563.0,2000.46,97,1057.05,9.0,1041.41,8.0,2425.0,0.89,0.59
2779,50,590.5,600.0,61.0,990.11,506.0,1843.25,249,1033.41,7.0,1018.61,7.0,5077.0,1.22,0.58
2780,399,572.49,575.0,446.0,1268.34,707.0,1567.93,1676,992.65,5.0,996.83,6.0,13348.0,1.12,0.58
2782,97,642.63,650.0,113.0,970.63,614.0,1888.36,413,1043.33,8.0,1036.34,8.0,6428.0,1.16,0.62
2783,45,585.11,590.0,47.0,1075.36,691.0,1819.68,189,1013.03,6.0,998.56,7.0,2651.0,1.04,0.58
2784,17,563.53,530.0,23.0,1259.43,791.0,1882.78,69,1058.31,9.0,1044.54,8.0,1300.0,1.35,0.5
2785,100,566.73,580.0,120.0,1278.87,703.5,1690.31,415,1018.47,6.0,1012.68,7.0,4822.0,1.2,0.57
2786,26,548.65,520.0,24.0,811.58,688.0,1610.67,86,1013.12,6.0,998.6,7.0,1178.0,0.92,0.51
2787,102,455.9,440.0,101.0,847.78,576.0,1146.04,376,967.31,3.0,936.16,3.0,4605.0,0.99,0.46
2789,1,650.0,650.0,0.0,971.94,602.0,1574.63,5,997.45,5.0,983.38,6.0,8739.0,0.0,0.65
2790,394,441.93,432.5,419.0,1044.79,561.0,1201.2,1472,934.23,2.0,914.04,2.0,15452.0,1.06,0.46
2792,4,432.5,390.0,8.0,1131.5,619.5,817.5,14,990.08,5.0,972.79,5.0,386.0,2.0,0.39
2793,2,425.0,425.0,5.0,592.0,351.0,992.0,18,919.29,2.0,903.15,2.0,1074.0,2.5,0.46
2794,271,370.77,385.0,259.0,920.92,553.0,930.38,1062,926.11,2.0,902.21,2.0,10504.0,0.96,0.42
2795,1326,502.0,500.0,1403.0,1072.84,651.0,1228.56,4867,992.81,5.0,968.54,5.0,45077.0,1.06,0.5
2797,2,450.0,450.0,4.0,426.75,378.5,1455.0,9,951.99,3.0,915.73,2.0,434.0,2.0,0.47
2798,33,518.79,500.0,33.0,903.03,559.0,1453.7,102,1074.58,9.0,1051.71,9.0,2193.0,1.0,0.46
2799,121,481.61,470.0,124.0,1133.56,627.0,959.24,371,953.73,3.0,921.75,3.0,4156.0,1.02,0.49
2800,1774,576.97,545.0,1731.0,906.98,595.0,1567.34,5838,1006.12,6.0,987.89,6.0,48283.0,0.98,0.54
2804,50,382.4,390.0,44.0,940.66,578.5,899.89,200,977.4,4.0,953.0,4.0,2832.0,0.88,0.4
2805,2,220.0,220.0,3.0,2346.0,1360.0,280.33,15,970.7,4.0,935.04,3.0,408.0,1.5,0.23
2806,3,433.33,430.0,4.0,371.5,371.5,870.0,32,957.17,3.0,923.32,3.0,862.0,1.33,0.45
2807,3,323.33,300.0,2.0,330.5,330.5,270.5,11,866.06,1.0,847.94,1.0,450.0,0.67,0.35
2808,1,330.0,330.0,2.0,1225.5,1225.5,660.0,2,959.25,3.0,938.98,3.0,216.0,2.0,0.34
2810,37,327.43,340.0,41.0,921.51,681.0,819.51,160,955.85,3.0,934.02,3.0,3132.0,1.11,0.36
2818,9,515.0,500.0,7.0,639.43,336.0,845.71,19,1018.1,6.0,969.8,5.0,849.0,0.78,0.49
2820,254,528.75,450.0,198.0,740.85,407.0,1005.06,803,911.8,2.0,900.19,2.0,7378.0,0.78,0.49
2821,108,437.52,450.0,101.0,1246.53,576.0,899.8,406,957.69,3.0,929.03,3.0,4778.0,0.94,0.47
2823,28,266.61,250.0,24.0,482.12,298.0,499.08,109,956.13,3.0,945.36,4.0,1340.0,0.86,0.26
2824,49,302.76,330.0,48.0,921.75,535.5,852.23,204,937.74,2.0,929.73,3.0,2055.0,0.98,0.35
2825,44,328.77,310.0,47.0,916.6,713.0,785.26,219,963.08,3.0,944.35,4.0,2202.0,1.07,0.32
2827,69,320.07,320.0,69.0,957.28,684.0,596.96,334,913.6,2.0,895.41,2.0,3678.0,1.0,0.35
2828,6,242.5,240.0,10.0,1027.2,1082.0,432.5,40,908.57,2.0,928.36,3.0,798.0,1.67,0.26
2829,50,277.0,280.0,60.0,955.8,682.0,534.02,218,881.43,1.0,886.8,1.0,2965.0,1.2,0.32
2830,1735,499.63,500.0,1624.0,924.25,596.0,1208.38,5719,996.56,5.0,967.4,5.0,44963.0,0.94,0.5
2831,11,380.91,360.0,15.0,1439.4,726.0,1082.73,76,1005.09,6.0,978.5,6.0,1845.0,1.36,0.36
2832,30,286.87,270.0,42.0,1277.95,503.0,931.83,155,924.52,2.0,933.95,3.0,2149.0,1.4,0.29
2833,13,210.62,208.0,13.0,1136.15,659.0,546.69,42,837.21,1.0,864.66,1.0,634.0,1.0,0.25
2834,35,285.89,279.0,43.0,1302.86,781.0,731.47,275,826.86,1.0,836.85,1.0,1984.0,1.23,0.34
2835,164,299.5,300.0,231.0,1002.6,653.0,695.16,661,966.11,3.0,936.25,3.0,3793.0,1.41,0.31
2836,10,151.6,125.0,11.0,902.09,379.0,403.64,51,786.88,1.0,855.32,1.0,895.0,1.1,0.16
2838,3,169.67,180.0,0.0,971.94,602.0,1574.63,3,742.76,1.0,815.76,1.0,223.0,0.0,0.24
2839,17,237.94,250.0,21.0,678.86,406.0,890.86,73,826.87,1.0,872.13,1.0,1079.0,1.24,0.3
2840,80,303.36,300.0,78.0,812.64,513.5,675.6,235,947.08,3.0,954.38,4.0,2389.0,0.98,0.32
2842,3,286.67,260.0,2.0,843.0,843.0,660.0,26,892.16,1.0,893.74,2.0,720.0,0.67,0.29
2843,20,352.5,350.0,24.0,683.96,466.0,859.38,86,959.13,3.0,939.32,3.0,1262.0,1.2,0.36
2844,29,429.14,400.0,20.0,1245.3,880.0,1109.6,100,948.75,3.0,934.98,3.0,1312.0,0.69,0.42
2845,50,460.2,480.0,44.0,795.7,479.5,1230.2,146,935.13,2.0,902.53,2.0,2019.0,0.88,0.51
2847,31,446.94,400.0,37.0,678.43,398.0,1225.97,138,915.07,2.0,880.87,1.0,2447.0,1.19,0.44
2848,59,332.29,350.0,67.0,883.99,475.0,842.09,231,798.05,1.0,802.66,1.0,1540.0,1.14,0.44
2849,25,418.6,400.0,21.0,1369.29,884.0,1229.62,104,981.51,4.0,955.47,4.0,1610.0,0.84,0.41
2850,795,618.7,580.0,745.0,819.41,511.0,1720.28,2249,996.52,5.0,965.21,5.0,19146.0,0.94,0.58
2852,111,518.18,500.0,131.0,822.85,450.0,1562.94,333,960.29,3.0,922.03,3.0,3734.0,1.18,0.52
2864,11,466.82,465.0,11.0,997.0,554.0,1047.0,33,1015.96,6.0,985.43,6.0,824.0,1.0,0.46
2865,13,398.46,400.0,14.0,735.5,386.5,1140.43,29,981.67,4.0,939.25,3.0,927.0,1.08,0.41
2866,56,407.32,410.0,60.0,805.18,498.0,1122.92,204,1012.8,6.0,975.82,5.0,3112.0,1.07,0.4
2867,7,382.86,390.0,7.0,553.14,281.0,913.57,17,969.94,4.0,944.38,4.0,636.0,1.0,0.4
2868,8,341.25,365.0,8.0,698.25,303.0,629.5,21,951.77,3.0,929.04,3.0,579.0,1.0,0.38
2869,15,344.67,320.0,19.0,788.63,538.0,857.74,104,902.22,1.0,905.33,2.0,1528.0,1.27,0.36
2870,420,437.12,420.0,397.0,836.23,545.0,1245.77,1290,953.55,3.0,925.45,3.0,12036.0,0.94,0.44
2871,297,406.87,400.0,274.0,989.65,550.5,1028.38,922,967.02,3.0,939.15,3.0,8965.0,0.92,0.41
2873,15,306.67,300.0,8.0,363.5,129.0,1030.0,22,981.71,4.0,969.65,5.0,560.0,0.53,0.31
2874,2,322.5,322.5,2.0,2671.0,2671.0,716.5,12,912.36,2.0,930.44,3.0,369.0,1.0,0.35
2875,8,272.5,270.0,8.0,872.5,681.5,860.38,26,972.41,4.0,961.21,5.0,802.0,1.0,0.28
2877,73,325.34,310.0,90.0,760.24,488.5,942.08,292,938.7,2.0,922.52,3.0,3575.0,1.23,0.33
2878,2,175.0,175.0,2.0,3328.0,3328.0,160.5,31,891.38,1.0,901.07,2.0,286.0,1.0,0.2
2879,9,161.11,140.0,6.0,716.0,661.0,444.67,37,870.25,1.0,884.6,1.0,577.0,0.67,0.16
2880,479,344.46,320.0,479.0,886.88,547.0,734.03,2090,916.88,2.0,895.94,2.0,18097.0,1.0,0.35
2898,2,550.0,550.0,1.0,1176.0,1176.0,1800.0,6,1052.64,8.0,1014.26,7.0,445.0,0.5,0.52
